{"stat.chestOpened":3,"stat.pickup.minecraft.bone":2,"stat.leaveGame":8,"stat.pickup.techguns.t1_combat_leggings":1,"stat.drop.minecraft.glowstone_dust":7,"stat.drop.minecraft.red_mushroom":3,"stat.pickup.techguns.t1_combat_chestplate":1,"stat.jump":162,"stat.swimOneCm":189,"stat.climbOneCm":526,"stat.fallOneCm":3667,"stat.pickup.minecraft.glowstone_dust":7,"stat.crouchOneCm":1656,"stat.drop.minecraft.brown_mushroom":3,"stat.pickup.minecraft.red_mushroom":5,"reaper.kill":1,"stat.damageTaken":2294,"stat.drop.minecraft.bone":2,"stat.pickup.techguns.m4_infiltrator":1,"stat.pickup.srparasites.assimilated_flesh":2,"stat.killEntity.CaveSpider":2,"stat.flyOneCm":21660,"tombstone:undead_killed":1,"stat.pickup.minecraft.brown_mushroom":4,"stat.pickup.techguns.ak47":1,"stat.damageDealt":11,"stat.timeSinceDeath":0,"stat.pickup.techguns.itemshared":320,"stat.walkOneCm":98602,"stat.pickup.minecraft.golden_apple":16,"stat.pickup.techguns.t1_combat_helmet":1,"stat.pickup.bountifulbaubles.shieldcobalt":1,"stat.pickup.actuallyadditions.item_solidified_experience":1,"stat.pickup.minecraft.string":5,"stat.pickup.techguns.t1_combat_boots":1,"stat.pickup.lycanitesmobs.spectralboltcharge":2,"stat.drop.minecraft.sapling":1,"stat.pickup.minecraft.sapling":1,"stat.sprintOneCm":12972,"stat.pickup.minecraft.cooked_beef":64,"stat.pickup.lycanitesmobs.tricksterflarecharge":3,"stat.mobKills":55,"stat.useItem.minecraft.golden_apple":3,"stat.deaths":6,"stat.drop":19,"stat.pickup.bountifulbaubles.trinketapple":1,"stat.playOneMinute":35169,"stat.drop.minecraft.string":3,"stat.sneakTime":833,"stat.diveOneCm":877}