{"stat.walkOneCm":827,"stat.pickup.minecraft.bone":1,"stat.trappedChestTriggered":13,"stat.leaveGame":2,"stat.pickup.minecraft.written_book":1,"stat.useItem.reccomplex.inventory_generation_tag":12,"stat.pickup.minecraft.book":1,"stat.flyOneCm":37719,"stat.jump":7,"stat.playOneMinute":5346,"stat.pickup.minecraft.coal":74,"stat.pickup.minecraft.iron_ingot":48,"stat.useItem.reccomplex.generic_solid":3,"stat.sneakTime":283,"stat.pickup.minecraft.lava_bucket":6,"stat.pickup.minecraft.web":14,"stat.pickup.minecraft.redstone":75,"stat.crouchOneCm":7,"stat.timeSinceDeath":5346,"stat.useItem.reccomplex.generic_space":4,"stat.pickup.minecraft.sapling":1,"stat.useItem.minecraft.stone_slab2":3,"stat.pickup.minecraft.fire_charge":11,"stat.pickup.minecraft.gold_ingot":12}