{"stat.drop.minecraft.stone_pickaxe":2,"stat.useItem.minecraft.bow":2,"stat.pickup.minecraft.bone":19,"stat.useItem.minecraft.iron_axe":75,"darkling.kill":1,"stat.leaveGame":2,"stat.mineBlock.ebwizardry.crystal_flower":4,"stat.mineBlock.minecraft.cobblestone":6,"stat.pickup.minecraft.stone_pickaxe":2,"stat.entityKilledBy.techguns.ZombieMiner":1,"stat.craftItem.minecraft.iron_axe":1,"stat.drop.minecraft.redstone":1,"stat.pickup.ebwizardry.spell_book":1,"stat.craftItem.minecraft.wool":4,"stat.swimOneCm":17382,"stat.craftItem.minecraft.shield":1,"stat.climbOneCm":1893,"stat.pickup.minecraft.enchanted_book":1,"stat.drop.minecraft.cobblestone":2,"stat.pickup.minecraft.porkchop":23,"stat.useItem.minecraft.dirt":5,"stat.useItem.minecraft.stone_slab2":20,"stat.pickup.minecraft.bow":1,"stat.pickup.actuallyadditions.block_giant_chest":2,"stat.craftItem.techguns.t1_miner_chestplate":1,"stat.pickup.minecraft.rotten_flesh":20,"stat.craftItem.minecraft.furnace":2,"stat.craftItem.actuallyadditions.block_misc":1,"stat.craftItem.minecraft.stone_pickaxe":1,"stat.pickup.minecraft.cobblestone":131,"stat.flyOneCm":158510,"stat.pickup.actuallyadditions.item_booklet":1,"stat.killEntity.techguns.ZombieFarmer":10,"stat.pickup.minecraft.redstone":7,"stat.timeSinceDeath":6057,"stat.useItem.minecraft.iron_pickaxe":194,"stat.craftItem.minecraft.wooden_pickaxe":1,"stat.pickup.actuallyadditions.item_rice_seed":16,"stat.craftItem.minecraft.bed":2,"stat.mineBlock.minecraft.vine":2,"stat.pickup.techguns.basicore":4,"stat.furnaceInteraction":26,"krake.kill":2,"stat.mineBlock.minecraft.coal_ore":50,"stat.pickup.actuallyadditions.item_solidified_experience":4,"stat.craftItem.lycanitesmobs.cooked_krake_meat":2,"stat.pickup.minecraft.string":18,"stat.drop.minecraft.stone_slab":4,"stat.pickup.lycanitesmobs.scorchfireballcharge":13,"grue.kill":1,"stat.pickup.minecraft.furnace":3,"stat.pickup.tombstone.crafting_ingredient":5,"stat.craftItem.minecraft.stone_slab2":0,"stat.craftItem.lycanitesmobs.boulderblastcharge":4,"stat.sprintOneCm":135977,"stat.pickup.actuallyadditions.item_misc":10,"stat.mineBlock.minecraft.stone_slab":2,"stat.craftItem.minecraft.stick":36,"stat.craftItem.minecraft.wooden_axe":1,"stat.pickup.tombstone.magic_scroll":2,"stat.useItem.tombstone.magic_scroll":1,"afrit.kill":5,"stat.pickup.techguns.t1_miner_leggings":1,"stat.mineBlock.minecraft.crafting_table":3,"stat.mineBlock.actuallyadditions.block_giant_chest":2,"stat.pickup.lycanitesmobs.raw_krake_meat":2,"stat.deaths":11,"stat.drop":20,"stat.playOneMinute":86243,"stat.pickup.lycanitesmobs.immunizer":2,"stat.pickup.minecraft.blaze_rod":2,"stat.drop.tombstone.grave_key":1,"stat.pickup.techguns.t1_miner_helmet":1,"stat.pickup.ebwizardry.spark_bomb":1,"stat.pickup.tombstone.grave_key":1,"stat.craftItem.minecraft.iron_pickaxe":1,"stat.mineBlock.actuallyadditions.block_wild":12,"stat.killEntity.Zombie":10,"stat.drop.minecraft.bread":1,"stat.mineBlock.minecraft.tallgrass":5,"stat.diveOneCm":2603,"stat.chestOpened":16,"stat.useItem.minecraft.stone":24,"stat.pickup.minecraft.gravel":4,"stat.pickup.minecraft.arrow":11,"stat.useItem.minecraft.apple":2,"stat.useItem.actuallyadditions.item_food":18,"stat.craftItem.minecraft.coal":5,"stat.jump":1280,"stat.pickup.minecraft.coal":89,"stat.fallOneCm":36078,"stat.pickup.minecraft.iron_ingot":1,"stat.drop.minecraft.stone":16,"stat.pickup.minecraft.melon_seeds":2,"stat.pickup.minecraft.gunpowder":4,"stat.crouchOneCm":6130,"stat.pickup.actuallyadditions.item_food":20,"stat.pickup.minecraft.spider_eye":1,"stat.craftItem.minecraft.torch":88,"stat.craftItem.minecraft.iron_ingot":11,"stat.craftItem.minecraft.chest":4,"stat.pickup.minecraft.dirt":16,"stat.craftingTableInteraction":17,"stat.pickup.minecraft.iron_ore":3,"stat.pickup.minecraft.iron_axe":1,"stat.damageTaken":3634,"stat.pickup.minecraft.leather":8,"stat.drop.minecraft.iron_hoe":1,"stat.killEntity.techguns.ZombieMiner":8,"stat.mineBlock.minecraft.torch":2,"stat.mineBlock.minecraft.furnace":3,"stat.useItem.minecraft.wooden_pickaxe":4,"stat.pickup.ebwizardry.crystal_flower":4,"stat.pickup.minecraft.planks":15,"stat.killEntity.CaveSpider":7,"tombstone:undead_killed":46,"stat.pickup.minecraft.wheat_seeds":7,"stat.pickup.techguns.t1_miner_chestplate":2,"stat.entityKilledBy.Zombie":1,"stat.useItem.minecraft.stone_pickaxe":58,"volcan.kill":1,"stat.damageDealt":10647,"stat.sleepInBed":1,"stat.mineBlock.minecraft.dirt":21,"stat.useItem.minecraft.crafting_table":2,"stat.killEntity.Pig":11,"stat.craftItem.minecraft.iron_sword":1,"stat.drop.minecraft.iron_axe":1,"geonach.kill":2,"stat.pickup.techguns.itemshared":9,"stat.walkOneCm":199497,"stat.useItem.minecraft.torch":33,"stat.useItem.minecraft.bread":1,"stat.pickup.lycanitesmobs.geonachfist":2,"stat.playerKills":2,"stat.pickup.minecraft.stick":6,"stat.drop.minecraft.rotten_flesh":2,"stat.pickup.minecraft.crafting_table":3,"stat.mineBlock.techguns.basicore":4,"stat.useItem.minecraft.cobblestone":46,"stat.craftItem.minecraft.crafting_table":2,"stat.pickup.lycanitesmobs.embercharge":3,"spriggan.kill":1,"stat.useItem.minecraft.gravel":3,"stat.useItem.lycanitesmobs.cooked_krake_meat":2,"stat.pickup.minecraft.iron_hoe":1,"stat.drop.actuallyadditions.item_misc":1,"stat.pickup.minecraft.log":61,"stat.useItem.tombstone.gift":1,"stat.pickup.minecraft.stone":65,"stat.pickup.minecraft.web":1,"stat.pickup.minecraft.sapling":5,"stat.pickup.minecraft.ender_pearl":4,"stat.drop.minecraft.melon_seeds":2,"stat.pickup.minecraft.apple":10,"stat.pickup.minecraft.gold_ingot":26,"stat.killEntity.Skeleton":17,"stat.craftItem.techguns.itemshared":1,"stat.craftItem.minecraft.bucket":1,"stat.craftItem.minecraft.planks":136,"stat.useItem.minecraft.iron_sword":152,"stat.killEntity.Spider":1,"stat.pickup.minecraft.bread":2,"stat.mobKills":89,"stat.pickup.lycanitesmobs.lifedraincharge":4,"stat.mineBlock.minecraft.log":58,"stat.pickup.minecraft.quartz":18,"cinder.kill":1,"stat.pickup.minecraft.diamond":9,"stat.mineBlock.minecraft.leaves":25,"stat.pickup.minecraft.torch":10,"stat.sneakTime":1879,"stat.pickup.minecraft.wool":4,"ent.kill":3,"stat.useItem.minecraft.wooden_axe":8,"stat.pickup.minecraft.stone_slab":7,"stat.mineBlock.minecraft.stone":164,"stat.craftItem.actuallyadditions.block_giant_chest":1,"stat.pickup.minecraft.chest":2}