{"pixen.kill":2,"stat.chestOpened":6,"stat.useItem.minecraft.splash_potion":95,"stat.pickup.minecraft.lingering_potion":1,"stat.pickup.minecraft.bone":7,"stat.useItem.srparasites.itemmobspawner_infplayer":3,"stat.drop.techguns.t1_combat_leggings":1,"cephignis.kill":2,"stat.leaveGame":1,"stat.pickup.srparasites.itemmobspawner_infhuman":1,"stat.useItem.srparasites.itemmobspawner_lesh":61,"stat.pickup.techguns.t1_combat_leggings":1,"stat.entityKilledBy.techguns.ZombieMiner":1,"stat.pickup.techguns.t1_combat_chestplate":1,"stat.pickup.minecraft.obsidian":3,"stat.craftItem.ebwizardry.battlemage_boots_fire":1,"stat.pickup.ebwizardry.spell_book":11,"stat.pickup.techguns.gaussrifle":2,"stat.drop.techguns.m4_infiltrator":1,"stat.jump":283,"stat.swimOneCm":12054,"stat.useItem.ebwizardry.master_healing_wand":5,"stat.pickup.minecraft.coal":6,"stat.pickup.minecraft.iron_ingot":1,"stat.climbOneCm":1178,"stat.fallOneCm":4629,"stat.pickup.minecraft.enchanted_book":12,"stat.pickup.ebwizardry.large_mana_flask":64,"stat.pickup.minecraft.glowstone_dust":11,"stat.killEntity.Werewolf":1,"stat.pickup.minecraft.gunpowder":7,"stat.useItem.srparasites.itemmobspawner_fercow":2,"stat.crouchOneCm":1744,"stat.pickup.minecraft.blaze_powder":2,"stat.pickup.actuallyadditions.item_food":3,"stat.pickup.minecraft.spider_eye":1,"stat.pickup.minecraft.dirt":27,"stat.pickup.ebwizardry.amulet_channeling":1,"stat.pickup.minecraft.red_mushroom":3,"stat.useItem.minecraft.stone_slab2":665,"stat.craftingTableInteraction":1,"silex.kill":2,"reaper.kill":2,"stat.pickup.minecraft.splash_potion":1,"stat.damageTaken":3535,"stat.pickup.ebwizardry.scroll":48,"stat.craftItem.ebwizardry.master_healing_wand":1,"stat.pickup.techguns.m4_infiltrator":1,"stat.killEntity.techguns.ZombieMiner":3,"stat.pickup.srparasites.assimilated_flesh":7,"stat.useItem.ebwizardry.master_fire_wand":5,"stat.killEntity.CaveSpider":8,"stat.flyOneCm":143821,"tombstone:undead_killed":7,"stat.pickup.minecraft.brown_mushroom":1,"stat.pickup.techguns.ak47":1,"stat.killEntity.techguns.ZombieFarmer":2,"stat.damageDealt":223,"stat.timeSinceDeath":50417,"stat.drop.techguns.gaussrifle":1,"stat.killEntity.Cow":4,"stat.killEntity.Pig":3,"stat.pickup.actuallyadditions.item_rice_seed":3,"stat.useItem.ebwizardry.master_ice_wand":6,"stat.drop.techguns.itemshared":256,"stat.pickup.minecraft.double_plant":3,"stat.killEntity.Bat":3,"stat.pickup.techguns.itemshared":320,"stat.walkOneCm":173508,"stat.useItem.minecraft.bread":2,"stat.pickup.minecraft.firework_charge":1,"stat.craftItem.ebwizardry.battlemage_chestplate_fire":1,"stat.craftItem.ebwizardry.battlemage_leggings_fire":1,"stat.pickup.minecraft.golden_apple":44,"stat.craftItem.ebwizardry.master_ice_wand":1,"stat.killEntity.ebwizardry:ice_wraith":2,"stat.pickup.lycanitesmobs.embercharge":22,"stat.pickup.srparasites.lurecomponent2":1,"stat.pickup.srparasites.lurecomponent1":2,"stat.pickup.techguns.t1_combat_helmet":1,"stat.pickup.bountifulbaubles.shieldcobalt":1,"stat.pickup.actuallyadditions.item_solidified_experience":10,"stat.pickup.minecraft.string":3,"stat.pickup.minecraft.log":1,"stat.useItem.srparasites.itemmobspawner_mudo":6,"stat.pickup.techguns.t1_combat_boots":1,"stat.pickup.minecraft.iron_pickaxe":1,"stat.useItem.srparasites.itemmobspawner_oronco":1,"stat.pickup.lycanitesmobs.spectralboltcharge":5,"stat.pickup.minecraft.sapling":3,"stat.sprintOneCm":27257,"stat.drop.techguns.t1_combat_chestplate":1,"stat.pickup.minecraft.cooked_beef":63,"stat.pickup.lycanitesmobs.reaperclaw":1,"stat.craftItem.ebwizardry.master_fire_wand":1,"stat.pickup.tombstone.gift":1,"stat.killEntity.Chicken":2,"stat.craftItem.ebwizardry.battlemage_helmet_fire":1,"stat.pickup.minecraft.bread":2,"stat.useItem.srparasites.itemmobspawner_infhuman":5,"stat.useItem.minecraft.lingering_potion":53,"stat.pickup.lycanitesmobs.tricksterflarecharge":6,"stat.mobKills":90,"stat.drop.techguns.t1_combat_boots":1,"stat.craftItem.techguns.rocketlauncher":2,"stat.drop.techguns.ak47":1,"stat.pickup.bountifulbaubles.trinketbezoar":1,"stat.drop.lycanitesmobs.embercharge":1,"stat.deaths":4,"stat.drop":12,"cinder.kill":11,"stat.playOneMinute":70277,"stat.pickup.techguns.handcannon":1,"stat.pickup.minecraft.blaze_rod":2,"stat.drop.techguns.t1_combat_helmet":1,"stat.sneakTime":1069,"stat.pickup.ebwizardry.master_healing_wand":1,"stat.pickup.minecraft.snowball":3,"stat.mineBlock.minecraft.tallgrass":1,"stat.diveOneCm":9285}