{"stat.walkOneCm":7850,"stat.leaveGame":2,"stat.mineBlock.minecraft.vine":1,"stat.damageTaken":90,"stat.mineBlock.minecraft.log":8,"stat.pickup.minecraft.log":8,"stat.flyOneCm":1951,"stat.pickup.minecraft.wheat_seeds":1,"stat.jump":53,"stat.mineBlock.minecraft.leaves":10,"stat.swimOneCm":123,"stat.playOneMinute":5018,"stat.fallOneCm":209,"stat.climbOneCm":442,"stat.damageDealt":15,"stat.timeSinceDeath":5018,"stat.pickup.minecraft.sapling":2,"stat.pickup.minecraft.dirt":13,"stat.sprintOneCm":2121,"stat.mineBlock.minecraft.dirt":1,"stat.mineBlock.minecraft.tallgrass":3}