{"stat.pickup.minecraft.record_13":1,"stat.walkOneCm":1975,"stat.pickup.minecraft.bone":9,"stat.useItem.minecraft.stone":6,"stat.leaveGame":2,"stat.damageTaken":355,"stat.pickup.minecraft.pumpkin_seeds":4,"stat.pickup.ebwizardry.magic_crystal":1,"stat.pickup.minecraft.string":9,"stat.flyOneCm":25609,"stat.pickup.bountifulbaubles.potionrecall":4,"stat.deaths":1,"stat.pickup.minecraft.diamond":3,"stat.jump":16,"stat.playOneMinute":7981,"stat.pickup.minecraft.coal":1,"stat.fallOneCm":934,"stat.sneakTime":54,"stat.damageDealt":25,"stat.pickup.minecraft.redstone":6,"stat.crouchOneCm":167,"stat.timeSinceDeath":336,"stat.pickup.minecraft.ender_pearl":5,"stat.sprintOneCm":156,"stat.pickup.actuallyadditions.item_misc":5,"stat.useItem.minecraft.stone_slab2":1,"stat.pickup.minecraft.wheat":2,"stat.pickup.minecraft.gold_ingot":23}