{"stat.useItem.minecraft.string":1,"stat.pickup.minecraft.bone":12,"stat.pickup.minecraft.wooden_slab":1,"stat.pickup.minecraft.bookshelf":4,"stat.leaveGame":2,"stat.mineBlock.ebwizardry.crystal_flower":4,"stat.mineBlock.minecraft.cobblestone":20,"stat.craftItem.tombstone.grave_key":2,"stat.pickup.dungeontactics.cherry_bomb":3,"stat.craftItem.minecraft.wool":1,"stat.pickup.minecraft.fishing_rod":2,"stat.swimOneCm":21599,"stat.entityKilledBy.techguns.ZombieFarmer":2,"stat.pickup.ebwizardry.wizard_boots_ice":1,"stat.useItem.minecraft.planks":25,"stat.pickup.minecraft.enchanted_book":1,"stat.mineBlock.minecraft.web":2,"stat.pickup.minecraft.glass":4,"stat.useItem.minecraft.dirt":35,"stat.useItem.minecraft.stone_slab2":19,"stat.pickup.minecraft.rotten_flesh":18,"stat.craftItem.minecraft.furnace":1,"stat.craftItem.minecraft.stone_axe":1,"stat.craftItem.minecraft.stone_pickaxe":1,"stat.pickup.minecraft.cobblestone":28,"stat.flyOneCm":148100,"stat.pickup.minecraft.brown_mushroom":4,"stat.pickup.minecraft.fish":4,"stat.timeSinceDeath":10980,"stat.pickup.dungeontactics.magic_scroll":1,"stat.craftItem.minecraft.wooden_pickaxe":1,"stat.pickup.minecraft.mossy_cobblestone":21,"stat.pickup.actuallyadditions.item_rice_seed":15,"stat.mineBlock.ebwizardry.arcane_workbench":1,"stat.pickup.ebwizardry.arcane_workbench":1,"stat.craftItem.ebwizardry.magic_crystal":8,"stat.drop.minecraft.coal":1,"stat.pickup.minecraft.wooden_axe":1,"stat.craftItem.dungeontactics.fish_flying_cooked":1,"stat.pickup.minecraft.chainmail_helmet":1,"stat.furnaceInteraction":4,"stat.pickup.minecraft.redstone_lamp":4,"stat.drop.minecraft.dirt":7,"stat.pickup.srparasites.lurecomponent2":2,"stat.mineBlock.minecraft.coal_ore":1,"stat.killEntity.Creeper":2,"stat.pickup.bountifulbaubles.shieldcobalt":1,"stat.pickup.actuallyadditions.item_solidified_experience":1,"stat.pickup.minecraft.string":47,"stat.pickup.minecraft.furnace":1,"stat.pickup.tombstone.crafting_ingredient":1,"stat.entityKilledBy.Skeleton":3,"stat.craftItem.minecraft.stone_slab2":0,"stat.sprintOneCm":84164,"stat.pickup.actuallyadditions.item_misc":6,"stat.mineBlock.minecraft.stone_slab":1,"stat.pickup.minecraft.skull":2,"stat.craftItem.minecraft.stick":12,"stat.craftItem.minecraft.wooden_axe":1,"stat.pickup.actuallyadditions.item_crystal":3,"stat.useItem.minecraft.stone_slab":9,"stat.craftItem.minecraft.gold_nugget":9,"stat.mineBlock.minecraft.crafting_table":5,"stat.pickup.minecraft.pumpkin_seeds":6,"stat.pickup.minecraft.saddle":1,"stat.entityKilledBy.Creeper":1,"stat.deaths":11,"stat.mineBlock.minecraft.planks":4,"stat.drop":10,"stat.playOneMinute":46431,"stat.useItem.minecraft.wooden_sword":30,"stat.pickup.ebwizardry.ruined_spell_book":1,"stat.drop.minecraft.string":1,"stat.drop.tombstone.grave_key":1,"stat.pickup.tombstone.grave_key":1,"stat.mineBlock.actuallyadditions.block_wild":7,"stat.killEntity.Zombie":1,"stat.drop.minecraft.torch":1,"stat.mineBlock.minecraft.tallgrass":1,"stat.fishCaught":1,"stat.diveOneCm":63263,"stat.pickup.bountifulbaubles.potionwormhole":1,"stat.pickup.minecraft.wheat":15,"stat.chestOpened":5,"stat.mineBlock.minecraft.mossy_cobblestone":2,"stat.drop.srparasites.lurecomponent2":1,"stat.pickup.minecraft.arrow":3,"stat.pickup.minecraft.iron_sword":1,"stat.pickup.minecraft.waterlily":10,"stat.useItem.actuallyadditions.item_food":9,"stat.jump":716,"stat.pickup.minecraft.coal":5,"stat.fallOneCm":18454,"stat.pickup.minecraft.melon_seeds":10,"stat.useItem.minecraft.stone_axe":14,"stat.entityKilledBy.CaveSpider":3,"stat.pickup.minecraft.gunpowder":9,"stat.crouchOneCm":3039,"stat.pickup.actuallyadditions.item_food":9,"stat.pickup.minecraft.spider_eye":1,"stat.craftItem.minecraft.torch":8,"stat.pickup.minecraft.dirt":34,"stat.pickup.minecraft.red_mushroom":6,"stat.craftingTableInteraction":10,"tombstone:sneak_grave":1,"stat.pickup.minecraft.wooden_pickaxe":1,"stat.damageTaken":4010,"stat.pickup.minecraft.feather":10,"stat.pickup.minecraft.leather":10,"stat.pickup.ebwizardry.scroll":4,"stat.mineBlock.minecraft.furnace":1,"stat.useItem.minecraft.wooden_pickaxe":9,"stat.craftItem.minecraft.wooden_sword":1,"stat.pickup.ebwizardry.crystal_flower":4,"stat.pickup.minecraft.dye":2,"stat.pickup.minecraft.planks":5,"stat.useItem.dungeontactics.cherry_bomb":3,"stat.pickup.minecraft.reeds":5,"stat.pickup.dungeontactics.bag_book":1,"stat.killEntity.CaveSpider":5,"tombstone:undead_killed":4,"stat.useItem.minecraft.stone_pickaxe":27,"stat.damageDealt":4134,"stat.drop.dungeontactics.bag_book":1,"stat.walkOneCm":44927,"stat.useItem.minecraft.torch":4,"stat.drop.minecraft.rotten_flesh":2,"stat.pickup.minecraft.crafting_table":5,"stat.useItem.minecraft.cobblestone":3,"stat.craftItem.minecraft.crafting_table":1,"stat.mineBlock.minecraft.double_plant":1,"stat.pickup.minecraft.log":9,"stat.pickup.bountifulbaubles.potionrecall":1,"stat.useItem.tombstone.gift":1,"stat.drop.minecraft.sapling":1,"stat.pickup.minecraft.chainmail_leggings":1,"stat.pickup.minecraft.sapling":15,"stat.pickup.minecraft.apple":5,"stat.craftItem.ebwizardry.novice_sorcery_wand":1,"stat.killEntity.Skeleton":1,"stat.craftItem.minecraft.planks":40,"stat.useItem.minecraft.iron_sword":46,"stat.killEntity.WitherSkeleton":2,"stat.pickup.dungeontactics.fish_flying":1,"stat.pickup.minecraft.bread":3,"stat.mobKills":21,"stat.pickup.minecraft.book":36,"stat.mineBlock.minecraft.log":8,"stat.mineBlock.minecraft.bookshelf":12,"stat.useItem.minecraft.mossy_cobblestone":16,"stat.mineBlock.minecraft.leaves":6,"stat.pickup.minecraft.torch":8,"stat.sneakTime":1232,"stat.useItem.minecraft.wooden_axe":7,"stat.pickup.minecraft.stone_slab":11,"stat.mineBlock.minecraft.stone":8,"stat.useItem.minecraft.fishing_rod":2}