{"stat.useItem.minecraft.bow":3,"stat.pickup.minecraft.bone":3,"stat.useItem.minecraft.iron_axe":11,"stat.leaveGame":3,"stat.mineBlock.minecraft.cobblestone":4,"stat.pickup.minecraft.flint":6,"stat.entityKilledBy.techguns.ZombieMiner":1,"stat.craftItem.minecraft.iron_axe":1,"stat.mineBlock.actuallyadditions.block_misc":5,"stat.pickup.ebwizardry.spell_book":3,"stat.swimOneCm":35683,"stat.useItem.minecraft.planks":1,"stat.craftItem.minecraft.shield":1,"stat.climbOneCm":74,"stat.useItem.minecraft.dirt":12,"stat.useItem.minecraft.stone_slab2":19,"stat.pickup.minecraft.bow":2,"stat.useItem.minecraft.water_bucket":13,"stat.pickup.minecraft.rotten_flesh":2,"stat.craftItem.minecraft.furnace":1,"stat.craftItem.minecraft.stone_pickaxe":2,"stat.pickup.minecraft.cobblestone":164,"stat.pickup.minecraft.wooden_hoe":1,"stat.craftItem.minecraft.bow":1,"stat.flyOneCm":104462,"stat.pickup.actuallyadditions.item_booklet":1,"stat.killEntity.techguns.ZombieFarmer":1,"stat.drop.ebwizardry.spell_book":2,"stat.pickup.minecraft.redstone":21,"stat.mineBlock.minecraft.iron_ore":22,"stat.timeSinceDeath":5359,"stat.useItem.minecraft.iron_pickaxe":23,"stat.craftItem.minecraft.wooden_pickaxe":1,"stat.pickup.actuallyadditions.item_rice_seed":4,"salamander.kill":2,"stat.mineBlock.minecraft.vine":1,"stat.pickup.techguns.basicore":1,"stat.furnaceInteraction":31,"krake.kill":1,"stat.pickup.actuallyadditions.item_solidified_experience":1,"stat.pickup.minecraft.string":20,"stat.drop.minecraft.stone_slab":1,"stat.pickup.lycanitesmobs.scorchfireballcharge":8,"stat.pickup.minecraft.furnace":2,"stat.pickup.tombstone.crafting_ingredient":2,"stat.pickup.techguns.t1_scout_helmet":2,"stat.craftItem.minecraft.stone_slab2":0,"stat.sprintOneCm":154327,"stat.pickup.actuallyadditions.item_misc":10,"stat.craftItem.minecraft.stick":20,"stat.useItem.minecraft.stone_slab":2,"afrit.kill":4,"stat.mineBlock.minecraft.crafting_table":2,"stat.drop.actuallyadditions.item_coffee_seed":5,"stat.pickup.lycanitesmobs.raw_krake_meat":1,"stat.deaths":16,"stat.drop":15,"stat.playOneMinute":78726,"stat.pickup.techguns.t1_miner_helmet":1,"stat.craftItem.minecraft.iron_pickaxe":1,"stat.mineBlock.actuallyadditions.block_wild":4,"stat.killEntity.Zombie":3,"stat.craftItem.minecraft.diamond_axe":1,"stat.diveOneCm":11128,"stat.pickup.bountifulbaubles.potionwormhole":2,"stat.pickup.minecraft.wheat":13,"stat.chestOpened":41,"stat.useItem.minecraft.stone":3,"stat.pickup.minecraft.gravel":7,"stat.pickup.minecraft.arrow":3,"stat.useItem.minecraft.diamond_axe":1,"stat.useItem.minecraft.apple":1,"stat.craftItem.minecraft.coal":9,"stat.jump":1368,"stat.pickup.minecraft.coal":12,"stat.fallOneCm":30708,"stat.pickup.minecraft.iron_ingot":1,"stat.pickup.actuallyadditions.block_black_lotus":1,"stat.pickup.minecraft.gunpowder":9,"stat.crouchOneCm":2598,"stat.pickup.actuallyadditions.item_food":2,"stat.mineBlock.minecraft.chest":2,"stat.pickup.minecraft.spider_eye":4,"stat.entityKilledBy.techguns.Bandit":2,"stat.craftItem.minecraft.torch":20,"stat.craftItem.minecraft.iron_ingot":18,"stat.pickup.minecraft.dirt":23,"stat.pickup.actuallyadditions.block_misc":5,"stat.craftingTableInteraction":19,"stat.pickup.minecraft.iron_ore":27,"stat.useItem.minecraft.glass":8,"stat.drop.minecraft.magma_cream":3,"stat.useItem.minecraft.sapling":1,"stat.pickup.actuallyadditions.item_coffee_seed":5,"stat.drop.actuallyadditions.item_booklet":1,"stat.killEntity.techguns.Bandit":1,"stat.damageTaken":5163,"stat.pickup.minecraft.leather":1,"stat.mineBlock.minecraft.torch":5,"stat.killEntity.techguns.ZombieMiner":1,"stat.useItem.minecraft.wooden_pickaxe":34,"stat.pickup.minecraft.magma_cream":9,"stat.pickup.minecraft.planks":32,"stat.killEntity.CaveSpider":3,"tombstone:undead_killed":7,"stat.pickup.minecraft.wheat_seeds":8,"stat.pickup.techguns.t1_miner_chestplate":1,"stat.entityKilledBy.Zombie":3,"stat.mineBlock.minecraft.gravel":4,"stat.useItem.minecraft.stone_pickaxe":113,"stat.damageDealt":3896,"stat.mineBlock.minecraft.dirt":21,"stat.craftItem.minecraft.iron_sword":1,"stat.drop.minecraft.stick":1,"stat.pickup.techguns.itemshared":6,"stat.walkOneCm":259061,"stat.useItem.minecraft.torch":5,"stat.useItem.minecraft.bread":5,"stat.pickup.ebwizardry.range_upgrade":1,"stat.pickup.minecraft.stick":5,"stat.mineBlock.actuallyadditions.block_black_lotus":1,"stat.pickup.minecraft.crafting_table":2,"stat.pickup.minecraft.clay_ball":2,"stat.useItem.minecraft.cobblestone":40,"stat.mineBlock.techguns.basicore":1,"stat.craftItem.minecraft.crafting_table":2,"stat.useItem.minecraft.gravel":3,"stat.drop.bountifulbaubles.potionrecall":1,"stat.drop.techguns.t1_miner_chestplate":1,"stat.pickup.minecraft.log":13,"stat.pickup.bountifulbaubles.potionrecall":3,"stat.useItem.tombstone.gift":1,"stat.pickup.minecraft.stone":9,"stat.pickup.minecraft.web":1,"stat.craftItem.minecraft.iron_chestplate":1,"stat.pickup.minecraft.sapling":2,"stat.pickup.minecraft.apple":2,"stat.pickup.actuallyadditions.item_coffee_beans":2,"stat.killEntity.Skeleton":2,"stat.craftItem.minecraft.bucket":1,"stat.craftItem.minecraft.planks":16,"stat.useItem.minecraft.iron_sword":60,"stat.pickup.minecraft.bread":5,"stat.mobKills":17,"stat.mineBlock.minecraft.log":13,"stat.pickup.minecraft.diamond":18,"cinder.kill":5,"stat.mineBlock.minecraft.leaves":3,"stat.pickup.minecraft.torch":13,"stat.sneakTime":1018,"stat.pickup.minecraft.stone_slab":5,"stat.mineBlock.minecraft.stone":81,"stat.pickup.minecraft.chest":1}