{
  "dungeontactics:dungeoneering/born_survivor": {
    "criteria": {
      "stab": "2024-05-11 18:32:02 +0000"
    },
    "done": false
  },
  "tombstone:tutorial/root": {
    "criteria": {
      "auto": "2024-05-11 18:30:23 +0000"
    },
    "done": true
  },
  "minecraft:recipes/building_blocks/jungle_planks": {
    "criteria": {
      "has_log": "2024-05-11 18:32:02 +0000"
    },
    "done": true
  },
  "minecraft:adventure/adventuring_time": {
    "criteria": {
      "jungle": "2024-05-11 18:30:23 +0000"
    },
    "done": false
  }
}